PC1,PC2,PC3,PC4,PC5,PC6,PC7,make_audi,make_bmw,make_chevrolet,make_dodge,make_honda,make_isuzu,make_jaguar,make_mazda,make_mercedes-benz,make_mercury,make_mitsubishi,make_nissan,make_peugot,make_plymouth,make_porsche,make_renault,make_saab,make_subaru,make_toyota,make_volkswagen,make_volvo,fuel_type_gas,aspiration_turbo,num_doors_two,body_style_hardtop,body_style_hatchback,body_style_sedan,body_style_wagon,drive_wheels_fwd,drive_wheels_rwd,engine_location_rear,engine_type_dohcv,engine_type_l,engine_type_ohc,engine_type_ohcf,engine_type_ohcv,engine_type_rotor,fuel_system_2bbl,fuel_system_4bbl,fuel_system_idi,fuel_system_mfi,fuel_system_mpfi,fuel_system_spdi,fuel_system_spfi,price
-0.9184737431167441,-2.3971503809570116,-0.4105010329404001,1.4166225354971769,-1.8228173019979823,1.2031902704836572,0.36972861598108847,0,0,0,0,0,0,0,0,0,0,0,0,0,0,0,0,0,0,0,0,0,1,0,1,0,0,0,0,0,1,0,0,0,0,0,0,0,0,0,0,0,1,0,0,13495
-0.9184737431167441,-2.3971503809570116,-0.4105010329404001,1.4166225354971769,-1.8228173019979823,1.2031902704836572,0.36972861598108847,0,0,0,0,0,0,0,0,0,0,0,0,0,0,0,0,0,0,0,0,0,1,0,1,0,0,0,0,0,1,0,0,0,0,0,0,0,0,0,0,0,1,0,0,16500
0.6344302215637463,-1.3727470470720242,0.872496347321186,0.9982221552358032,1.8347171582999062,-0.774750557717849,-0.515064703304132,0,0,0,0,0,0,0,0,0,0,0,0,0,0,0,0,0,0,0,0,0,1,0,1,0,1,0,0,0,1,0,0,0,0,0,1,0,0,0,0,0,1,0,0,16500
-0.3614698782616522,-0.919214128947666,0.45157844249240053,-1.48912350214231,-0.26993829388811197,-0.7899003266408844,0.0004837955486784237,1,0,0,0,0,0,0,0,0,0,0,0,0,0,0,0,0,0,0,0,0,1,0,0,0,0,1,0,1,0,0,0,0,1,0,0,0,0,0,0,0,1,0,0,13950
1.1723926762325962,-1.7949596481063497,0.1837728490645156,-1.083811652870796,0.1134856212231992,-0.8618580326006596,-0.3539002427665168,1,0,0,0,0,0,0,0,0,0,0,0,0,0,0,0,0,0,0,0,0,1,0,0,0,0,1,0,0,0,0,0,0,1,0,0,0,0,0,0,0,1,0,0,17450
0.6732251650009492,-1.279188196947459,-0.03751381240908006,-0.3956608631088511,0.6864014759571277,-0.07041053141055711,0.16880117925379376,1,0,0,0,0,0,0,0,0,0,0,0,0,0,0,0,0,0,0,0,0,1,0,1,0,0,1,0,1,0,0,0,0,1,0,0,0,0,0,0,0,1,0,0,15250
2.6455451726992694,-0.36962503407468356,0.09190818344045497,-1.72156489589815,0.2904629779374263,-1.6555916878925208,-0.1181258274393026,1,0,0,0,0,0,0,0,0,0,0,0,0,0,0,0,0,0,0,0,0,1,0,0,0,0,1,0,1,0,0,0,0,1,0,0,0,0,0,0,0,1,0,0,17710
2.7008799367895318,0.08346617967245491,-0.3089246554942071,-1.261861749625819,0.7911821406452795,-0.9914868854552772,0.3320624398478306,1,0,0,0,0,0,0,0,0,0,0,0,0,0,0,0,0,0,0,0,0,1,0,0,0,0,0,1,1,0,0,0,0,1,0,0,0,0,0,0,0,1,0,0,18920
3.276453870534592,-0.7608010210538861,-0.10405461456391259,-1.8322910303207718,0.42478541302211964,-1.6505777190341593,-0.013967086882680847,1,0,0,0,0,0,0,0,0,0,0,0,0,0,0,0,0,0,0,0,0,1,1,0,0,0,1,0,1,0,0,0,0,1,0,0,0,0,0,0,0,1,0,0,23875
1.972296566312418,-1.434776785667966,-0.5142269024442441,-0.2787900508382375,1.5088291492587995,-0.2589179686313492,0.13434141192358703,1,0,0,0,0,0,0,0,0,0,0,0,0,0,0,0,0,0,0,0,0,1,1,1,0,1,0,0,0,0,0,0,0,1,0,0,0,0,0,0,0,1,0,0,10295
-0.23191530975724253,-1.6387413349802016,-0.8593326334988731,-1.1566795508416674,-1.8449613292308593,-1.4358164119311647,0.22304396102337687,0,1,0,0,0,0,0,0,0,0,0,0,0,0,0,0,0,0,0,0,0,1,0,1,0,0,1,0,0,1,0,0,0,1,0,0,0,0,0,0,0,1,0,0,16430
-0.075077228622473,-0.9903256622365656,-1.2866574143182203,-1.0413162236104152,-1.2558536496961066,-1.715098067182682,0.017324877590635394,0,1,0,0,0,0,0,0,0,0,0,0,0,0,0,0,0,0,0,0,0,1,0,0,0,0,1,0,0,1,0,0,0,1,0,0,0,0,0,0,0,1,0,0,16925
1.4972982206339944,-0.2565418665526158,0.8325110344976122,0.795789158636657,-0.7456812869310806,-1.2126005418521293,-2.249919909547115,0,1,0,0,0,0,0,0,0,0,0,0,0,0,0,0,0,0,0,0,0,1,0,1,0,0,1,0,0,1,0,0,0,1,0,0,0,0,0,0,0,1,0,0,20970
1.5356248701099546,-0.25416487452614367,0.8410158388366845,0.7931323075077992,-0.7501627257422874,-1.2140342606832775,-2.24344435790134,0,1,0,0,0,0,0,0,0,0,0,0,0,0,0,0,0,0,0,0,0,1,0,0,0,0,1,0,0,1,0,0,0,1,0,0,0,0,0,0,0,1,0,0,21105
2.650575452336535,0.6077207529539529,0.16597176220639942,0.9344522624202323,-0.3084313835006849,-0.2788491633950293,-1.3032266062371427,0,1,0,0,0,0,0,0,0,0,0,0,0,0,0,0,0,0,0,0,0,1,0,0,0,0,1,0,0,1,0,0,0,1,0,0,0,0,0,0,0,1,0,0,24565
4.117737790539151,-0.7560631451266246,-0.5709331052253228,0.46123311138801915,1.068376812479584,-0.04200988981634406,0.19352209560608974,0,1,0,0,0,0,0,0,0,0,0,0,0,0,0,0,0,0,0,0,0,1,0,0,0,0,1,0,0,1,0,0,0,1,0,0,0,0,0,0,0,1,0,0,30760
4.416601747597677,-1.015747579764493,-0.2823487513048646,0.4853325037385553,1.0335458665384498,0.04754490920927084,0.27528700396833283,0,1,0,0,0,0,0,0,0,0,0,0,0,0,0,0,0,0,0,0,0,1,0,1,0,0,1,0,0,1,0,0,0,1,0,0,0,0,0,0,0,1,0,0,41315
5.642968611439783,-0.25509037444577065,-0.5413230352445013,-0.22473885494846416,0.9546256197405074,-0.5148945470895084,0.34731260187613516,0,1,0,0,0,0,0,0,0,0,0,0,0,0,0,0,0,0,0,0,0,1,0,0,0,0,1,0,0,1,0,0,0,1,0,0,0,0,0,0,0,1,0,0,36880
-6.907347014684292,0.5584556978571444,0.534483668299252,1.1047574376341098,-0.39152251074950545,-0.25624290521787346,-0.24126409858757178,0,0,1,0,0,0,0,0,0,0,0,0,0,0,0,0,0,0,0,0,0,1,0,1,0,1,0,0,1,0,0,0,1,0,0,0,0,1,0,0,0,0,0,0,5151
-3.8198015790219624,0.3035583072256025,0.058145663746050014,0.9469279812531292,0.5526272749360835,-0.2726305243000016,0.34406789413605393,0,0,1,0,0,0,0,0,0,0,0,0,0,0,0,0,0,0,0,0,0,1,0,1,0,1,0,0,1,0,0,0,0,1,0,0,0,1,0,0,0,0,0,0,6295
-3.645878568251994,0.8392006328881298,-0.3256345441596503,1.1410206354892682,1.0285070228654896,-0.16887075504721027,0.41613980066843104,0,0,1,0,0,0,0,0,0,0,0,0,0,0,0,0,0,0,0,0,0,1,0,0,0,0,1,0,1,0,0,0,0,1,0,0,0,1,0,0,0,0,0,0,6575
-3.767688974458463,-0.28834730818451954,0.46394464161582966,0.5068375520494243,0.6897906354496861,-0.46532484743648656,0.14935245489580454,0,0,0,1,0,0,0,0,0,0,0,0,0,0,0,0,0,0,0,0,0,1,0,1,0,1,0,0,1,0,0,0,0,1,0,0,0,1,0,0,0,0,0,0,5572
-3.3479958930318277,-0.5994854322054901,0.1975981044988395,0.285261041219651,0.6759452023592304,-0.33242776169767096,0.09706865194412956,0,0,0,1,0,0,0,0,0,0,0,0,0,0,0,0,0,0,0,0,0,1,0,1,0,1,0,0,1,0,0,0,0,1,0,0,0,1,0,0,0,0,0,0,6377
-2.075939711488972,-1.4779045992781288,-0.1429483649455698,-0.10001610669235676,1.064483843926461,0.2677879813659138,-0.11322676242249866,0,0,0,1,0,0,0,0,0,0,0,0,0,0,0,0,0,0,0,0,0,1,1,1,0,1,0,0,1,0,0,0,0,1,0,0,0,0,0,0,0,1,0,0,7957
-3.2790562098330596,-0.9429490057216585,0.5263636465549408,-0.02829348718142063,0.31431195486921637,-0.7825690423923416,-0.19705336162284104,0,0,0,1,0,0,0,0,0,0,0,0,0,0,0,0,0,0,0,0,0,1,0,0,0,1,0,0,1,0,0,0,0,1,0,0,0,1,0,0,0,0,0,0,6229
-3.2637255500426754,-0.9419982089110697,0.5297655682905698,-0.02935622763296383,0.31251937934473367,-0.7831425299248008,-0.194463140964531,0,0,0,1,0,0,0,0,0,0,0,0,0,0,0,0,0,0,0,0,0,1,0,0,0,0,1,0,1,0,0,0,0,1,0,0,0,1,0,0,0,0,0,0,6692
-3.2637255500426754,-0.9419982089110697,0.5297655682905698,-0.02935622763296383,0.31251937934473367,-0.7831425299248008,-0.194463140964531,0,0,0,1,0,0,0,0,0,0,0,0,0,0,0,0,0,0,0,0,0,1,0,0,0,0,1,0,1,0,0,0,0,1,0,0,0,1,0,0,0,0,0,0,7609
-2.0265117771143295,-1.822578277825956,0.18148745853791298,-0.41221805633691894,0.7051320561948795,-0.181623406105627,-0.41064542046368213,0,0,0,1,0,0,0,0,0,0,0,0,0,0,0,0,0,0,0,0,0,1,1,0,0,0,1,0,1,0,0,0,0,1,0,0,0,0,0,0,0,1,0,0,8558
0.34915782882643714,1.9933553730995184,-1.247501988808566,-0.9126908874206345,0.849595206969936,-0.20717937724594465,-0.8356141176992455,0,0,0,1,0,0,0,0,0,0,0,0,0,0,0,0,0,0,0,0,0,1,0,0,0,0,0,1,1,0,0,0,0,1,0,0,0,1,0,0,0,0,0,0,8921
1.190301635346425,-2.5246514518772614,1.4894779098589526,-0.9269259531261074,0.06519486118194559,2.091972319335427,-0.6223537412372879,0,0,0,1,0,0,0,0,0,0,0,0,0,0,0,0,0,0,0,0,0,1,1,1,0,1,0,0,1,0,0,0,0,1,0,0,0,0,0,0,1,0,0,0,12964
-5.757644548370394,0.1858703504056903,2.380856299163572,1.4605129236995433,0.17640606260421862,-0.17468222231370995,-0.7053531262680857,0,0,0,0,1,0,0,0,0,0,0,0,0,0,0,0,0,0,0,0,0,1,0,1,0,1,0,0,1,0,0,0,0,1,0,0,0,0,0,0,0,0,0,0,6479
-4.1850662118059905,-2.018790539430735,0.7140986800453237,-0.022638741541073506,1.0503753904716806,-0.3705251971919131,0.6711504792014016,0,0,0,0,1,0,0,0,0,0,0,0,0,0,0,0,0,0,0,0,0,1,0,1,0,1,0,0,1,0,0,0,0,1,0,0,0,0,0,0,0,0,0,0,6855
-4.211572655606469,0.3097013004254987,-0.021826915704259587,0.8090367111925413,0.6259360365587804,-0.6809338519810934,0.4767393578019161,0,0,0,0,1,0,0,0,0,0,0,0,0,0,0,0,0,0,0,0,0,1,0,1,0,1,0,0,1,0,0,0,0,1,0,0,0,0,0,0,0,0,0,0,5399
-3.2086303508801057,-0.7775137710756571,-0.22984021640870633,-0.19502964141449627,1.7050659310524774,-0.3088686781003017,0.7913719802894716,0,0,0,0,1,0,0,0,0,0,0,0,0,0,0,0,0,0,0,0,0,1,0,1,0,1,0,0,1,0,0,0,0,1,0,0,0,0,0,0,0,0,0,0,6529
-3.197480780123463,-0.776822282486138,-0.22736609151006715,-0.19580254356107316,1.7037622397619445,-0.3092857599420903,0.793255777131879,0,0,0,0,1,0,0,0,0,0,0,0,0,0,0,0,0,0,0,0,0,1,0,1,0,1,0,0,1,0,0,0,0,1,0,0,0,0,0,0,0,0,0,0,7129
-2.481810719193631,0.058911858051150325,-0.6269027549596934,-0.7008915098184242,1.792094968852113,-0.9317941591234462,0.5441691990786122,0,0,0,0,1,0,0,0,0,0,0,0,0,0,0,0,0,0,0,0,0,1,0,0,0,0,1,0,1,0,0,0,0,1,0,0,0,0,0,0,0,0,0,0,7295
-2.489019914768206,0.9771781569504617,-1.363768937055913,-0.5402270834790436,2.168751727475293,-0.7034146085749269,0.8697452925745904,0,0,0,0,1,0,0,0,0,0,0,0,0,0,0,0,0,0,0,0,0,1,0,0,0,0,0,1,1,0,0,0,0,1,0,0,0,0,0,0,0,0,0,0,7295
-1.37958906552789,-0.11036042984470579,-0.2370090907177465,-0.7021645105422175,1.7115380010568113,0.0019067919886980387,0.4356188012087056,0,0,0,0,1,0,0,0,0,0,0,0,0,0,0,0,0,0,0,0,0,1,0,1,0,1,0,0,1,0,0,0,0,1,0,0,0,0,0,0,0,0,0,0,7895
-1.3426561123965102,-0.10806987389192363,-0.22881355199100417,-0.7047247489027532,1.7072195236569212,0.0005252083877735424,0.44185887824917985,0,0,0,0,1,0,0,0,0,0,0,0,0,0,0,0,0,0,0,0,0,1,0,1,0,1,0,0,1,0,0,0,0,1,0,0,0,0,0,0,0,0,0,0,9095
-1.0885423235465574,0.33894951379418686,-0.5514184185815554,-0.6640428840237359,1.9022230828476305,0.202846725019593,0.6507210494717739,0,0,0,0,1,0,0,0,0,0,0,0,0,0,0,0,0,0,0,0,0,1,0,0,0,0,1,0,1,0,0,0,0,1,0,0,0,0,0,0,0,0,0,0,8845
-1.462759160287766,0.27226983453939163,-0.6778968606967866,-0.5440440582679932,1.917391490871178,0.3362674640026445,0.48223470547457614,0,0,0,0,1,0,0,0,0,0,0,0,0,0,0,0,0,0,0,0,0,1,0,0,0,0,1,0,1,0,0,0,0,1,0,0,0,0,0,0,0,0,0,0,10295
-0.49122570097427776,-0.01367690678347793,-0.7527295840567111,-0.7993666733819569,1.9196278966508817,0.32992294705065467,0.705590891443773,0,0,0,0,1,0,0,0,0,0,0,0,0,0,0,0,0,0,0,0,0,1,0,0,0,0,1,0,1,0,0,0,0,1,0,0,0,0,0,0,0,1,0,0,12945
-1.0093512135613987,-0.7932727222821334,0.358259750847991,-0.5151026588785638,1.2125197833747763,0.5299661069068061,0.2789319817061921,0,0,0,0,1,0,0,0,0,0,0,0,0,0,0,0,0,0,0,0,0,1,0,1,0,0,1,0,1,0,0,0,0,1,0,0,0,1,0,0,0,0,0,0,10345
-1.2977647623382966,0.19643329028654152,-0.7055194496579112,0.2882571682850089,0.026770980703462018,0.6385299514015004,-1.021087785599706,0,0,0,0,0,1,0,0,0,0,0,0,0,0,0,0,0,0,0,0,0,1,0,0,0,0,1,0,0,1,0,0,0,1,0,0,0,1,0,0,0,0,0,0,6785
-3.8113733210534,0.12630870478836298,0.22333918954646192,0.7630841109040413,0.351125072945048,-0.5363172238742383,0.1712066897657072,0,0,0,0,0,1,0,0,0,0,0,0,0,0,0,0,0,0,0,0,0,1,0,1,0,0,1,0,1,0,0,0,0,1,0,0,0,1,0,0,0,0,0,0,10295
-3.7085645944558583,0.4520291724497542,0.01508894735256139,0.8190750510740306,0.6428270880143838,-0.6768704180289092,0.07246795364210244,0,0,0,0,0,1,0,0,0,0,0,0,0,0,0,0,0,0,0,0,0,1,0,0,0,0,1,0,1,0,0,0,0,1,0,0,0,1,0,0,0,0,0,0,10295
-0.3713257011756484,-0.8017288088422725,0.14241463560981174,0.06817133874699505,-0.6284251819137325,0.973094572569797,-0.10301597618999081,0,0,0,0,0,1,0,0,0,0,0,0,0,0,0,0,0,0,0,0,0,1,0,1,0,1,0,0,0,1,0,0,0,1,0,0,0,0,0,0,0,0,0,1,11048
6.551676950244298,-0.5121592731936176,1.991662424291834,-0.7811890061385952,1.6200793133842428,0.5982458037195391,-1.3408995912209214,0,0,0,0,0,0,1,0,0,0,0,0,0,0,0,0,0,0,0,0,0,1,0,0,0,0,1,0,0,1,0,0,0,0,0,0,0,0,0,0,0,1,0,0,32250
6.536803553829188,-0.1993658571279009,1.7001444375852244,-0.4567586466990284,1.9756714345448938,1.0635752735564268,-1.0358504070379568,0,0,0,0,0,0,1,0,0,0,0,0,0,0,0,0,0,0,0,0,0,1,0,0,0,0,1,0,0,1,0,0,0,0,0,0,0,0,0,0,0,1,0,0,35550
8.002583542714158,-3.157386645986167,1.6347362441773103,6.02385571929736,1.320080963777957,-1.9399944980495505,0.6766241147947984,0,0,0,0,0,0,1,0,0,0,0,0,0,0,0,0,0,0,0,0,0,1,0,1,0,0,1,0,0,1,0,0,0,0,0,1,0,0,0,0,0,1,0,0,36000
-2.596223644985076,0.2216030899609917,-0.4630554589315803,0.4053964361947269,0.23420307044740754,0.0029304485126482034,-0.411311074912616,0,0,0,0,0,0,0,1,0,0,0,0,0,0,0,0,0,0,0,0,0,1,0,1,0,1,0,0,1,0,0,0,0,1,0,0,0,1,0,0,0,0,0,0,5195
-2.9595597550940034,0.4583221862311605,-0.23650171062645492,0.5897641523125027,0.24273803923485315,-0.09357664488549644,-0.35734475931998216,0,0,0,0,0,0,0,1,0,0,0,0,0,0,0,0,0,0,0,0,0,1,0,1,0,1,0,0,1,0,0,0,0,1,0,0,0,1,0,0,0,0,0,0,6095
-2.9560755142325523,0.45853827641538525,-0.23572854659563008,0.5895226203916974,0.24233063570656166,-0.0937069829610554,-0.3567560728067299,0,0,0,0,0,0,0,1,0,0,0,0,0,0,0,0,0,0,0,0,0,1,0,1,0,1,0,0,1,0,0,0,0,1,0,0,0,1,0,0,0,0,0,0,6795
-2.7125404048006816,0.4531794447391249,-0.16953286844659626,0.3688079456835153,0.08639431861188362,-0.28578913833871805,-0.44900593085236307,0,0,0,0,0,0,0,1,0,0,0,0,0,0,0,0,0,0,0,0,0,1,0,0,0,0,1,0,1,0,0,0,0,1,0,0,0,1,0,0,0,0,0,0,6695
-2.6604408202211944,0.453965937248299,-0.19434112817493615,0.37610261817421153,0.0169621475945119,-0.19119632340152434,-0.425054693307627,0,0,0,0,0,0,0,1,0,0,0,0,0,0,0,0,0,0,0,0,0,1,0,0,0,0,1,0,1,0,0,0,0,1,0,0,0,1,0,0,0,0,0,0,7395
-1.2622779297671483,-2.819072715674435,-0.4027159230960591,-2.5032907561037683,-0.8546234221104935,0.8439585635494482,1.0664399945398577,0,0,0,0,0,0,0,1,0,0,0,0,0,0,0,0,0,0,0,0,0,1,0,1,0,1,0,0,0,1,0,0,0,0,0,0,1,0,1,0,0,0,0,0,10945
-1.2622779297671483,-2.819072715674435,-0.4027159230960591,-2.5032907561037683,-0.8546234221104935,0.8439585635494482,1.0664399945398577,0,0,0,0,0,0,0,1,0,0,0,0,0,0,0,0,0,0,0,0,0,1,0,1,0,1,0,0,0,1,0,0,0,0,0,0,1,0,1,0,0,0,0,0,11845
-1.2587936889056972,-2.81885662549021,-0.40194275906523447,-2.5035322880245734,-0.855030825638785,0.8438282254738894,1.06702868105311,0,0,0,0,0,0,0,1,0,0,0,0,0,0,0,0,0,0,0,0,0,1,0,1,0,1,0,0,0,1,0,0,0,0,0,0,1,0,1,0,0,0,0,0,13645
-0.7949940800649455,-3.109219737999447,-0.35813112323525165,-2.3209503786650543,-0.746072022438319,0.9177087566883279,1.2509408590201807,0,0,0,0,0,0,0,1,0,0,0,0,0,0,0,0,0,0,0,0,0,1,0,1,0,1,0,0,0,1,0,0,0,0,0,0,1,0,0,0,0,1,0,0,15645
-0.1691970198610984,0.2864836397379692,0.2507464228053011,-0.4214024061260508,-0.29237118976944737,0.40476867160019564,-0.8125635064917707,0,0,0,0,0,0,0,1,0,0,0,0,0,0,0,0,0,0,0,0,0,1,0,1,0,1,0,0,1,0,0,0,0,1,0,0,0,1,0,0,0,0,0,0,8845
0.0038243787392378725,1.0691691770916618,-0.3036756044763377,-0.35097297568368074,0.1537260612615549,0.3235868271306799,-0.7720410143630513,0,0,0,0,0,0,0,1,0,0,0,0,0,0,0,0,0,0,0,0,0,1,0,0,0,0,1,0,1,0,0,0,0,1,0,0,0,1,0,0,0,0,0,0,8495
-0.1691970198610984,0.2864836397379692,0.2507464228053011,-0.4214024061260508,-0.29237118976944737,0.40476867160019564,-0.8125635064917707,0,0,0,0,0,0,0,1,0,0,0,0,0,0,0,0,0,0,0,0,0,1,0,1,0,1,0,0,1,0,0,0,0,1,0,0,0,1,0,0,0,0,0,0,10595
0.0038243787392378725,1.0691691770916618,-0.3036756044763377,-0.35097297568368074,0.1537260612615549,0.3235868271306799,-0.7720410143630513,0,0,0,0,0,0,0,1,0,0,0,0,0,0,0,0,0,0,0,0,0,1,0,0,0,0,1,0,1,0,0,0,0,1,0,0,0,1,0,0,0,0,0,0,10245
-0.9711648925302871,3.2686762618294782,2.102896456980676,0.14121087128316084,-0.8142437301208991,-0.22051895643636818,1.2316935049979238,0,0,0,0,0,0,0,1,0,0,0,0,0,0,0,0,0,0,0,0,0,0,0,0,0,0,1,0,1,0,0,0,0,1,0,0,0,0,0,1,0,0,0,0,10795
0.014277101323590686,1.069817447644336,-0.3013561123838635,-0.35169757144609654,0.15250385067668032,0.3231958129040031,-0.7702749548232943,0,0,0,0,0,0,0,1,0,0,0,0,0,0,0,0,0,0,0,0,0,1,0,0,0,1,0,0,1,0,0,0,0,1,0,0,0,1,0,0,0,0,0,0,11245
1.555164813786727,0.16499213006322522,-1.1506722743166178,-0.24429925420750867,-0.5042450421880578,0.7863165522862168,-0.35353037249608216,0,0,0,0,0,0,0,1,0,0,0,0,0,0,0,0,0,0,0,0,0,1,0,0,0,0,1,0,0,1,0,0,0,1,0,0,0,0,0,0,0,1,0,0,18280
0.00842040059526314,3.2720865192426003,2.5992071024835286,-0.09846719976012128,-0.6508804888054188,0.505079027374467,0.3263421395910794,0,0,0,0,0,0,0,1,0,0,0,0,0,0,0,0,0,0,0,0,0,0,0,0,0,0,1,0,0,1,0,0,0,1,0,0,0,0,0,1,0,0,0,0,18344
4.274705331762419,3.283329891001503,1.715459846659199,-0.1817522752416183,0.0796200822534203,0.3179280067378443,0.8960173234541899,0,0,0,0,0,0,0,0,1,0,0,0,0,0,0,0,0,0,0,0,0,0,1,0,0,0,1,0,0,1,0,0,0,1,0,0,0,0,0,1,0,0,0,0,25552
4.5412805180928615,3.674119116496835,1.4968628862346596,-0.36109310748812906,0.045362319682745025,0.11863835389528442,0.9213417527542214,0,0,0,0,0,0,0,0,1,0,0,0,0,0,0,0,0,0,0,0,0,0,1,0,0,0,0,1,0,1,0,0,0,1,0,0,0,0,0,1,0,0,0,0,28248
3.8507054085264274,2.4977707099889037,2.1397573282880287,0.06272448991250888,-0.17959575433739428,0.7220758030579529,1.0590536378624469,0,0,0,0,0,0,0,0,1,0,0,0,0,0,0,0,0,0,0,0,0,0,1,1,1,0,0,0,0,1,0,0,0,1,0,0,0,0,0,1,0,0,0,0,28176
5.260220999843479,3.674329053956803,1.7799053567956027,-0.6400523027122667,-0.024503503629126937,0.009542239779307507,0.9103533485541335,0,0,0,0,0,0,0,0,1,0,0,0,0,0,0,0,0,0,0,0,0,0,1,0,0,0,1,0,0,1,0,0,0,1,0,0,0,0,0,1,0,0,0,0,31600
6.860776740151851,0.8438210483509677,-0.33739931321689903,1.3076979303329996,0.8218724914821509,-1.8760104575048056,-0.823609196599891,0,0,0,0,0,0,0,0,1,0,0,0,0,0,0,0,0,0,0,0,0,1,0,0,0,0,1,0,0,1,0,0,0,0,0,1,0,0,0,0,0,1,0,0,34184
4.51473149353659,-2.84217410530369,1.5435052509355078,2.35136041846588,-0.47645875271301147,-0.44497751813896197,-0.4134174529774246,0,0,0,0,0,0,0,0,1,0,0,0,0,0,0,0,0,0,0,0,0,1,0,1,0,0,0,0,0,1,0,0,0,0,0,1,0,0,0,0,0,1,0,0,35056
8.727342159245145,0.5713207927665269,0.4103031360240772,1.3492169615520977,0.5702464792628543,-0.7348249803921418,-1.1162565963268813,0,0,0,0,0,0,0,0,1,0,0,0,0,0,0,0,0,0,0,0,0,1,0,0,0,0,1,0,0,1,0,0,0,0,0,1,0,0,0,0,0,1,0,0,40960
7.788936930556449,-0.46250348692049736,0.8174858909892417,1.836139644787431,0.34658470210273423,-0.1614625232437755,-0.843287372263191,0,0,0,0,0,0,0,0,1,0,0,0,0,0,0,0,0,0,0,0,0,1,0,1,1,0,0,0,0,1,0,0,0,0,0,1,0,0,0,0,0,1,0,0,45400
2.509708610217688,-0.532618975382078,-1.0257977491083488,-0.14805672186574856,-0.7706403429569318,0.9977045315197596,0.2890419652851089,0,0,0,0,0,0,0,0,0,1,0,0,0,0,0,0,0,0,0,0,0,1,1,1,0,1,0,0,0,1,0,0,0,1,0,0,0,0,0,0,0,1,0,0,16503
-3.685977932827251,-1.0484462977675377,1.1407272074259742,-0.0310615676257314,-0.11664353816909184,-1.022815055957943,-0.14592852613017523,0,0,0,0,0,0,0,0,0,0,1,0,0,0,0,0,0,0,0,0,0,1,0,1,0,1,0,0,1,0,0,0,0,1,0,0,0,1,0,0,0,0,0,0,5389
-3.2481266135595703,-1.3575499119228907,0.8796383363462887,-0.2538916448078488,-0.13319745038879566,-0.8908230320736482,-0.1936013724669814,0,0,0,0,0,0,0,0,0,0,1,0,0,0,0,0,0,0,0,0,0,1,0,1,0,1,0,0,1,0,0,0,0,1,0,0,0,1,0,0,0,0,0,0,6189
-3.2063157232221595,-1.3549568297121939,0.8889163047161858,-0.25679002785751187,-0.13808629272829404,-0.8923870889803552,-0.18653713430795393,0,0,0,0,0,0,0,0,0,0,1,0,0,0,0,0,0,0,0,0,0,1,0,1,0,1,0,0,1,0,0,0,0,1,0,0,0,1,0,0,0,0,0,0,6669
-2.077480327202665,-1.9563405506130982,0.2809595015531417,-0.539256312507735,0.5539274193540025,-0.37824795644416725,-0.536069676419611,0,0,0,0,0,0,0,0,0,0,1,0,0,0,0,0,0,0,0,0,0,1,1,1,0,1,0,0,1,0,0,0,0,1,0,0,0,0,0,0,0,0,1,0,7689
-0.9072135228853772,-2.549325153417105,0.8977105151960614,-0.874936218228442,-0.04873571848368236,0.24969937116489055,-0.11689028974720121,0,0,0,0,0,0,0,0,0,0,1,0,0,0,0,0,0,0,0,0,0,1,1,1,0,1,0,0,1,0,0,0,0,1,0,0,0,0,0,0,0,0,1,0,9959
-0.9690517757009868,-1.7714333638861328,1.3595884822375346,-0.47704682214635075,-0.7512739982530426,0.7670966424933906,-0.6739932744133512,0,0,0,0,0,0,0,0,0,0,1,0,0,0,0,0,0,0,0,0,0,1,0,1,0,1,0,0,1,0,0,0,0,1,0,0,0,1,0,0,0,0,0,0,8499
1.1646110131284093,-2.2155290640180128,1.146185861442939,-0.5515064451881878,0.37350714707234195,2.472244250680432,-0.3045359553928115,0,0,0,0,0,0,0,0,0,0,1,0,0,0,0,0,0,0,0,0,0,1,1,1,0,1,0,0,1,0,0,0,0,1,0,0,0,0,0,0,0,0,1,0,12629
1.2356567210335527,-2.2116117963106676,1.1546772636336218,-0.5542501661120599,0.3525318914765953,2.488894931153145,-0.2895025625532745,0,0,0,0,0,0,0,0,0,0,1,0,0,0,0,0,0,0,0,0,0,1,1,1,0,1,0,0,1,0,0,0,0,1,0,0,0,0,0,0,0,0,1,0,14869
1.2391409618950038,-2.211395706126443,1.1554504276644466,-0.5544916980328652,0.3521244879483038,2.488764593077586,-0.2889138760400222,0,0,0,0,0,0,0,0,0,0,1,0,0,0,0,0,0,0,0,0,0,1,1,1,0,1,0,0,1,0,0,0,0,1,0,0,0,0,0,0,0,0,1,0,14489
-0.7139533606876776,-0.45560489229434853,0.4131045648882562,-0.21919409988409255,0.15517945110496942,0.7320025865794608,-0.5925630884189518,0,0,0,0,0,0,0,0,0,0,1,0,0,0,0,0,0,0,0,0,0,1,0,0,0,0,1,0,1,0,0,0,0,1,0,0,0,1,0,0,0,0,0,0,6989
-0.6860794337960701,-0.45387617082055065,0.4192898771348542,-0.2211263552505346,0.15192022287863718,0.7309598819749895,-0.5878535963129335,0,0,0,0,0,0,0,0,0,0,1,0,0,0,0,0,0,0,0,0,0,1,0,0,0,0,1,0,1,0,0,0,0,1,0,0,0,1,0,0,0,0,0,0,8189
-0.6549025005612287,-1.233669553972701,-0.04939193337787729,-0.6168902704295397,0.8580436536969631,0.2147095857114079,-0.03593105296340368,0,0,0,0,0,0,0,0,0,0,1,0,0,0,0,0,0,0,0,0,0,1,1,0,0,0,1,0,1,0,0,0,0,1,0,0,0,0,0,0,0,0,1,0,9279
-0.49211506086041507,-0.7103712476553516,-0.360109519514581,-0.6312990869741146,1.3049144847674559,-0.2507038574748643,-0.3636698100693311,0,0,0,0,0,0,0,0,0,0,1,0,0,0,0,0,0,0,0,0,0,1,0,0,0,0,1,0,1,0,0,0,0,1,0,0,0,0,0,0,0,0,1,0,9279
-2.5528523059603305,0.2511379662214946,0.009566974748718904,-0.10451360427776604,0.14874347359561377,-0.28651088750251363,-0.3664301857114011,0,0,0,0,0,0,0,0,0,0,0,1,0,0,0,0,0,0,0,0,0,1,0,1,0,0,1,0,1,0,0,0,0,1,0,0,0,1,0,0,0,0,0,0,5499
-3.7808798021901073,2.6994522405020356,2.978861832438466,0.5010478034222774,-0.3189317522103862,-0.829825531579279,0.9846015592513826,0,0,0,0,0,0,0,0,0,0,0,1,0,0,0,0,0,0,0,0,0,0,0,1,0,0,1,0,1,0,0,0,0,1,0,0,0,0,0,1,0,0,0,0,7099
-2.532643708963915,0.252391289289998,0.014051326127502461,-0.10591448941843654,0.14638053313152288,-0.28726684834075533,-0.36301580393453775,0,0,0,0,0,0,0,0,0,0,0,1,0,0,0,0,0,0,0,0,0,1,0,1,0,0,1,0,1,0,0,0,0,1,0,0,0,1,0,0,0,0,0,0,6649
-2.521681424801133,0.3158143332400404,-0.04115961509052037,-0.04199454521374404,0.2158693432504871,-0.19472230667561344,-0.29965122104493574,0,0,0,0,0,0,0,0,0,0,0,1,0,0,0,0,0,0,0,0,0,1,0,0,0,0,1,0,1,0,0,0,0,1,0,0,0,1,0,0,0,0,0,0,6849
-2.3835073164320324,0.39982343284157623,-0.11407442122606454,0.15839375575172843,0.4116660565168745,0.1528113197185825,-0.09872735820080372,0,0,0,0,0,0,0,0,0,0,0,1,0,0,0,0,0,0,0,0,0,1,0,0,0,0,0,1,1,0,0,0,0,1,0,0,0,1,0,0,0,0,0,0,7349
-2.509647719278339,0.25381748450588126,0.019154208730945785,-0.10750860009575122,0.1436916698447988,-0.2881270796394442,-0.35913047294707273,0,0,0,0,0,0,0,0,0,0,0,1,0,0,0,0,0,0,0,0,0,1,0,1,0,0,1,0,1,0,0,0,0,1,0,0,0,1,0,0,0,0,0,0,7299
-2.5038432525383225,0.052907169029495695,0.1690474678491545,-0.02432986689492741,0.14386717636054355,-0.18677641290217012,-0.3489983712680729,0,0,0,0,0,0,0,0,0,0,0,1,0,0,0,0,0,0,0,0,0,1,0,1,0,1,0,0,1,0,0,0,0,1,0,0,0,1,0,0,0,0,0,0,7799
-2.498685435115557,0.31724052845592365,-0.036056732487077046,-0.043588655891058724,0.213180479963763,-0.19558253797430222,-0.2957658900574706,0,0,0,0,0,0,0,0,0,0,0,1,0,0,0,0,0,0,0,0,0,1,0,0,0,0,1,0,1,0,0,0,0,1,0,0,0,1,0,0,0,0,0,0,7499
-2.3744482901922597,0.40038526732056057,-0.11206419474592016,0.15776577275763481,0.4106068073433165,0.15247244072212937,-0.09719677326634776,0,0,0,0,0,0,0,0,0,0,0,1,0,0,0,0,0,0,0,0,0,1,0,0,0,0,0,1,1,0,0,0,0,1,0,0,0,1,0,0,0,0,0,0,7999
-2.634391511310852,-0.698846407436945,0.7767678682926472,-0.4859432701391479,-0.6045010399899357,-0.6640008546738148,-0.6635854602680864,0,0,0,0,0,0,0,0,0,0,0,1,0,0,0,0,0,0,0,0,0,1,0,1,1,0,0,0,1,0,0,0,0,1,0,0,0,1,0,0,0,0,0,0,8249
-0.6759216348382944,0.5677149189420712,-0.3414691872289563,-0.2498311027916383,0.866646800356574,0.4058502012393495,-0.22198918116228006,0,0,0,0,0,0,0,0,0,0,0,1,0,0,0,0,0,0,0,0,0,1,0,0,0,1,0,0,1,0,0,0,0,1,0,0,0,1,0,0,0,0,0,0,8949
-0.6912522946286784,0.5667641221314824,-0.3448711089645852,-0.24876836234009522,0.8684393758810568,0.40642368877180873,-0.2245794018205901,0,0,0,0,0,0,0,0,0,0,0,1,0,0,0,0,0,0,0,0,0,1,0,0,0,0,1,0,1,0,0,0,0,1,0,0,0,1,0,0,0,0,0,0,9549
2.9248484615076915,-0.6990728984911622,-0.3535330862167618,0.5831374382743874,0.6646250230958529,-0.5050692186942944,-0.1652092261379574,0,0,0,0,0,0,0,0,0,0,0,1,0,0,0,0,0,0,0,0,0,1,0,0,0,0,1,0,1,0,0,0,0,0,0,1,0,0,0,0,0,1,0,0,13499
3.1812763731426843,-0.27616987946090676,-0.6430135065024777,0.6676140450823665,0.8611162568069534,-0.307264609527562,0.05870615239505103,0,0,0,0,0,0,0,0,0,0,0,1,0,0,0,0,0,0,0,0,0,1,0,0,0,0,0,1,1,0,0,0,0,0,0,1,0,0,0,0,0,1,0,0,14399
2.73775953958149,-0.29918066081233075,-0.4196195217031644,0.8747453369261784,0.8941621738655879,-0.2803449060720135,0.06253787521679721,0,0,0,0,0,0,0,0,0,0,0,1,0,0,0,0,0,0,0,0,0,1,0,0,0,0,1,0,1,0,0,0,0,0,0,1,0,0,0,0,0,1,0,0,13499
1.7471691540294798,-3.679664649996595,1.8517391525483835,0.7181073410102116,-0.8716092415050114,-0.4074877386712,-0.1884462995515743,0,0,0,0,0,0,0,0,0,0,0,1,0,0,0,0,0,0,0,0,0,1,0,1,0,1,0,0,0,1,0,0,0,0,0,1,0,0,0,0,0,1,0,0,17199
2.2786006165599186,-4.198047452198259,1.6075029055844114,0.7856280483054093,-0.7016192000260119,-0.25963663211161986,-0.16307199655137514,0,0,0,0,0,0,0,0,0,0,0,1,0,0,0,0,0,0,0,0,0,1,1,1,0,1,0,0,0,1,0,0,0,0,0,1,0,0,0,0,0,1,0,0,19699
2.575355917903422,-2.9782343341846933,1.7278816175610225,0.006848680463037734,-0.7789673187128655,-1.5558393915670463,-0.9077625278301256,0,0,0,0,0,0,0,0,0,0,0,1,0,0,0,0,0,0,0,0,0,1,0,1,0,1,0,0,0,1,0,0,0,0,0,1,0,0,0,0,0,1,0,0,18399
2.277200349644187,0.6045073127079525,-0.8178555333125325,-1.6987995824366728,-0.821761910919159,-0.9308263808116924,-0.8717137933516133,0,0,0,0,0,0,0,0,0,0,0,0,1,0,0,0,0,0,0,0,0,1,0,0,0,0,1,0,0,1,0,0,1,0,0,0,0,0,0,0,0,1,0,0,11900
2.296282792895091,2.992795314796346,2.319864313456441,-0.9517892932200402,-1.8122998684900937,-0.12145596794312134,0.01272127627081123,0,0,0,0,0,0,0,0,0,0,0,0,1,0,0,0,0,0,0,0,0,0,1,0,0,0,1,0,0,1,0,0,1,0,0,0,0,0,0,1,0,0,0,0,13200
3.1411789320563126,1.8541793134526434,-1.5385508742364076,-1.7960143393517716,-0.3848471247500092,-0.6723171836670851,-0.5015385818151333,0,0,0,0,0,0,0,0,0,0,0,0,1,0,0,0,0,0,0,0,0,1,0,0,0,0,0,1,0,1,0,0,1,0,0,0,0,0,0,0,0,1,0,0,12440
3.686504564031099,3.9037653201156424,1.2893483321508927,-1.3088239139948727,-1.3914207190193095,0.27692335192667544,0.31590416446688296,0,0,0,0,0,0,0,0,0,0,0,0,1,0,0,0,0,0,0,0,0,0,1,0,0,0,0,1,0,1,0,0,1,0,0,0,0,0,0,1,0,0,0,0,13860
2.132845826692435,0.5110534194536566,-2.445059698558659,-0.3331826021456084,-2.659203174688857,-2.1004657749275073,-0.38850692722291347,0,0,0,0,0,0,0,0,0,0,0,0,1,0,0,0,0,0,0,0,0,1,0,0,0,0,1,0,0,1,0,0,1,0,0,0,0,0,0,0,0,1,0,0,15580
2.3346094423710513,2.995172306822818,2.3283691177955133,-0.9544461443488981,-1.8167813073013006,-0.1228896867742693,0.0191968279165863,0,0,0,0,0,0,0,0,0,0,0,0,1,0,0,0,0,0,0,0,0,0,1,0,0,0,1,0,0,1,0,0,1,0,0,0,0,0,0,1,0,0,0,0,16900
2.9033554401570627,1.41469543216492,-2.9339953395977143,-0.27768023908919465,-2.2085522096642767,-1.6663531566089989,-0.016200954938409718,0,0,0,0,0,0,0,0,0,0,0,0,1,0,0,0,0,0,0,0,0,1,0,0,0,0,0,1,0,1,0,0,1,0,0,0,0,0,0,0,0,1,0,0,16695
3.724831213507059,3.906142312142115,1.2978531364899648,-1.3114807651237306,-1.3959021578305162,0.2754896330955275,0.32237971611265803,0,0,0,0,0,0,0,0,0,0,0,0,1,0,0,0,0,0,0,0,0,0,1,0,0,0,0,1,0,1,0,0,1,0,0,0,0,0,0,1,0,0,0,0,17075
2.3155269991201477,0.6068843047344246,-0.8093507289734603,-1.7014564335655307,-0.8262433497303658,-0.9322600996428404,-0.8652382417058381,0,0,0,0,0,0,0,0,0,0,0,0,1,0,0,0,0,0,0,0,0,1,0,0,0,0,1,0,0,1,0,0,1,0,0,0,0,0,0,0,0,1,0,0,16630
2.3346094423710513,2.995172306822818,2.3283691177955133,-0.9544461443488981,-1.8167813073013006,-0.1228896867742693,0.0191968279165863,0,0,0,0,0,0,0,0,0,0,0,0,1,0,0,0,0,0,0,0,0,0,1,0,0,0,1,0,0,1,0,0,1,0,0,0,0,0,0,1,0,0,0,0,17950
2.8434759700736563,-0.47250726870101245,-1.2186660135887815,-1.7571360627386416,-0.3239242322250542,-0.7892820129026361,-0.03530008578004235,0,0,0,0,0,0,0,0,0,0,0,0,1,0,0,0,0,0,0,0,0,1,1,0,0,0,1,0,0,1,0,0,1,0,0,0,0,0,0,0,0,1,0,0,18150
-3.7379657567032716,-0.29786943874687116,0.4789192726212951,0.49399193896416477,0.6751053558888144,-0.481703365737463,0.1425793287217347,0,0,0,0,0,0,0,0,0,0,0,0,0,1,0,0,0,0,0,0,0,1,0,1,0,1,0,0,1,0,0,0,0,1,0,0,0,1,0,0,0,0,0,0,5572
-2.0754439316084685,-1.4883310464803194,-0.13323109872201622,-0.11083045200700896,1.052630773221106,0.25227699903801754,-0.12339506856193075,0,0,0,0,0,0,0,0,0,0,0,0,0,1,0,0,0,0,0,0,0,1,1,1,0,1,0,0,1,0,0,0,0,1,0,0,0,0,0,0,0,0,1,0,7957
-3.2760815305500373,-1.0055076889348018,0.5846672438962626,-0.09317955906933409,0.24319353063708612,-0.8756349363597191,-0.25806319845943404,0,0,0,0,0,0,0,0,0,0,0,0,0,1,0,0,0,0,0,0,0,1,0,0,0,1,0,0,1,0,0,0,0,1,0,0,0,1,0,0,0,0,0,0,6229
-2.9771193457925276,-0.8572909431005378,0.5292502993972451,-0.26724558490746936,0.1802877884995925,-0.9605747527915484,-0.26275695633925367,0,0,0,0,0,0,0,0,0,0,0,0,0,1,0,0,0,0,0,0,0,1,0,0,0,0,1,0,1,0,0,0,0,1,0,0,0,1,0,0,0,0,0,0,6692
-2.7727773659915265,-0.8642769765165756,0.5987956023238409,-0.22009535809577727,0.18477243263486579,-0.962833596399705,-0.25305038101009814,0,0,0,0,0,0,0,0,0,0,0,0,0,1,0,0,0,0,0,0,0,1,0,0,0,0,1,0,1,0,0,0,0,1,0,0,0,1,0,0,0,0,0,0,7609
0.34103282187191214,2.368821552843368,-1.6024398576083305,-0.5218672152108538,1.262500798864901,0.3701606171608721,-0.464882586473391,0,0,0,0,0,0,0,0,0,0,0,0,0,1,0,0,0,0,0,0,0,1,0,0,0,0,0,1,1,0,0,0,0,1,0,0,0,1,0,0,0,0,0,0,8921
1.1638813592876633,-2.216063254105697,1.138750084598632,-0.5492746085434718,0.3609244041594008,2.4915798955096586,-0.30162950472627165,0,0,0,0,0,0,0,0,0,0,0,0,0,1,0,0,0,0,0,0,0,1,1,1,0,1,0,0,0,1,0,0,0,1,0,0,0,0,0,0,0,0,1,0,12764
1.2362808040460989,-3.140452524386112,0.6389844441092859,-0.47920439020142963,-2.1243312039161983,0.7599867746180822,0.7001332788533224,0,0,0,0,0,0,0,0,0,0,0,0,0,0,1,0,0,0,0,0,0,1,0,1,0,1,0,0,0,1,0,0,0,1,0,0,0,0,0,0,0,1,0,0,22018
1.6525278832215433,-3.671628314139108,-0.38316259144430453,2.0409462833024357,-0.3599551676242282,0.7183000479114402,1.9449582197239075,0,0,0,0,0,0,0,0,0,0,0,0,0,0,1,0,0,0,0,0,0,1,0,1,1,0,0,0,0,1,1,0,0,0,1,0,0,0,0,0,0,1,0,0,32528
1.6525278832215433,-3.671628314139108,-0.38316259144430453,2.0409462833024357,-0.3599551676242282,0.7183000479114402,1.9449582197239075,0,0,0,0,0,0,0,0,0,0,0,0,0,0,1,0,0,0,0,0,0,1,0,1,1,0,0,0,0,1,1,0,0,0,1,0,0,0,0,0,0,1,0,0,34028
1.6831892028023117,-3.6697267205179305,-0.37635874797304675,2.0388208023993495,-0.3635403186731937,0.7171530728465217,1.9501386610405278,0,0,0,0,0,0,0,0,0,0,0,0,0,0,1,0,0,0,0,0,0,1,0,1,0,0,0,0,0,1,1,0,0,0,1,0,0,0,0,0,0,1,0,0,37028
5.210428735795619,-3.0563531459652054,0.5721294751724536,2.7604072926722196,0.7443008495059321,-0.014807362791271397,2.3427127758604844,0,0,0,0,0,0,0,0,0,0,0,0,0,0,1,0,0,0,0,0,0,1,0,1,0,1,0,0,0,1,0,1,0,0,0,0,0,0,0,0,0,1,0,0,10295
0.5057385581495909,0.4698823498675512,0.28375236293984457,-1.2088002598513194,1.2879237225925073,0.9737478811569698,-0.37653855591478247,0,0,0,0,0,0,0,0,0,0,0,0,0,0,0,1,0,0,0,0,0,1,0,0,0,0,0,1,1,0,0,0,0,1,0,0,0,0,0,0,0,1,0,0,9295
-0.06697539983957373,-1.047219864566437,1.2591371281214931,-0.8899621174183031,0.7681028516874,1.6951912755303704,-0.16996284104192103,0,0,0,0,0,0,0,0,0,0,0,0,0,0,0,1,0,0,0,0,0,1,0,1,0,1,0,0,1,0,0,0,0,1,0,0,0,0,0,0,0,1,0,0,9895
0.8640731509170871,-0.8355254647879211,-0.4027979694764337,-1.0376098465936396,-1.6774965879154615,-0.12780856160002535,0.20224787613952352,0,0,0,0,0,0,0,0,0,0,0,0,0,0,0,0,1,0,0,0,0,1,0,1,0,1,0,0,1,0,0,0,0,1,0,0,0,0,0,0,0,1,0,0,11850
0.9454295139945394,-0.03101283065972317,-1.058970405418488,-0.48425803435381304,-0.8401263010289778,0.44531859995992334,0.5699369102891422,0,0,0,0,0,0,0,0,0,0,0,0,0,0,0,0,1,0,0,0,0,1,0,0,0,0,1,0,1,0,0,0,0,1,0,0,0,0,0,0,0,1,0,0,12170
-0.24167205101479383,-0.9555682705660896,-1.5200435235855432,0.1859559205790032,-2.127832980464091,-3.188191374992015,0.227301231988643,0,0,0,0,0,0,0,0,0,0,0,0,0,0,0,0,1,0,0,0,0,1,0,1,0,1,0,0,1,0,0,0,0,1,0,0,0,0,0,0,0,1,0,0,15040
0.9893309488488212,-0.028290094338491514,-1.0492285386300961,-0.48730133655595925,-0.8452595854854511,0.4436763402078811,0.5773543603561211,0,0,0,0,0,0,0,0,0,0,0,0,0,0,0,0,1,0,0,0,0,1,0,0,0,0,1,0,1,0,0,0,0,1,0,0,0,0,0,0,0,1,0,0,15510
1.4863745921641096,-1.5304466840781823,-0.6567784155728945,-1.0838639794610267,-1.3598730962018042,-0.1335708346687313,0.7494298059526963,0,0,0,0,0,0,0,0,0,0,0,0,0,0,0,0,1,0,0,0,0,1,1,1,0,1,0,0,1,0,0,0,0,0,0,0,0,0,0,0,0,1,0,0,18150
1.5691648369476427,-0.7249367729686457,-1.3114043728256028,-0.5306063803536791,-0.5232557515087694,0.43927688779937907,1.1189041014535728,0,0,0,0,0,0,0,0,0,0,0,0,0,0,0,0,1,0,0,0,0,1,1,0,0,0,1,0,1,0,0,0,0,0,0,0,0,0,0,0,0,1,0,0,18620
-2.5108874803227095,0.1921678589637162,-1.7593830116261024,2.0695417240775194,-2.1070279627070696,0.7228247790396227,0.43153760759844756,0,0,0,0,0,0,0,0,0,0,0,0,0,0,0,0,0,1,0,0,0,1,0,1,0,1,0,0,1,0,0,0,0,0,1,0,0,1,0,0,0,0,0,0,5118
-1.6836801502724235,0.2180868749793393,-1.2880140403572946,1.8131088008701604,-1.924041002237063,1.4830164316073662,-0.42189601143351224,0,0,0,0,0,0,0,0,0,0,0,0,0,0,0,0,0,1,0,0,0,1,0,1,0,1,0,0,1,0,0,0,0,0,1,0,0,1,0,0,0,0,0,0,7053
-1.5116484165993431,0.5500810749066136,-1.4869677586765397,1.670125458388943,-1.9452126212429977,1.310495764151085,-0.38931897271963645,0,0,0,0,0,0,0,0,0,0,0,0,0,0,0,0,0,1,0,0,0,1,0,1,0,1,0,0,0,0,0,0,0,0,1,0,0,1,0,0,0,0,0,0,7603
-1.2746240427933784,0.9207852556234819,-1.13014770213636,1.4604872801174837,-1.3725281720528844,0.31577471043472866,-0.016667040956259847,0,0,0,0,0,0,0,0,0,0,0,0,0,0,0,0,0,1,0,0,0,1,0,0,0,0,1,0,1,0,0,0,0,0,1,0,0,1,0,0,0,0,0,0,7126
-0.7981719377417325,0.9648669874053661,-1.1395476257609862,1.5082101769117011,-1.674626790473593,0.662539610499536,-0.5667582158186082,0,0,0,0,0,0,0,0,0,0,0,0,0,0,0,0,0,1,0,0,0,1,0,0,0,0,1,0,1,0,0,0,0,0,1,0,0,1,0,0,0,0,0,0,7775
-0.6106314082733695,0.12683488409022042,-1.6956499619401908,0.9910445264013318,-1.0556341214069327,0.26087207485609254,0.4404753667638618,0,0,0,0,0,0,0,0,0,0,0,0,0,0,0,0,0,1,0,0,0,1,0,0,0,0,1,0,1,0,0,0,0,0,1,0,0,0,0,0,0,1,0,0,9960
-0.10587883275939358,0.5474182999376548,-1.9385282176566392,0.8414380434382336,-1.4025946482981078,0.437084868807931,-0.1864857178260686,0,0,0,0,0,0,0,0,0,0,0,0,0,0,0,0,0,1,0,0,0,1,0,0,0,0,1,0,0,0,0,0,0,0,1,0,0,1,0,0,0,0,0,0,9233
0.01066622053618451,0.3448449915336687,-1.9615817969523077,1.047705397437311,-1.2516145637463463,0.4661255172702237,-0.18132986446985133,0,0,0,0,0,0,0,0,0,0,0,0,0,0,0,0,0,1,0,0,0,1,1,0,0,0,1,0,0,0,0,0,0,0,1,0,0,0,0,0,0,1,0,0,11259
-0.7089965897812376,0.8196409765933735,-1.6184116192207159,1.3237220754548769,-1.2258314277172442,0.5998521078203496,0.0027667726669585438,0,0,0,0,0,0,0,0,0,0,0,0,0,0,0,0,0,1,0,0,0,1,0,0,0,0,0,1,1,0,0,0,0,0,1,0,0,1,0,0,0,0,0,0,7463
-0.38928563012095435,0.29604296963085364,-1.9245904192989038,1.0235285358169388,-0.9261035674826534,0.43951803708567005,0.576284665630775,0,0,0,0,0,0,0,0,0,0,0,0,0,0,0,0,0,1,0,0,0,1,0,0,0,0,0,1,1,0,0,0,0,0,1,0,0,0,0,0,0,1,0,0,10198
-0.16092752342745134,0.9196940731840375,-2.0920494738771658,1.0218170504063167,-1.215149088030525,0.6103309720590608,0.01273270419045052,0,0,0,0,0,0,0,0,0,0,0,0,0,0,0,0,0,1,0,0,0,1,0,0,0,0,0,1,0,0,0,0,0,0,1,0,0,1,0,0,0,0,0,0,8013
0.4908620454465051,0.4376857837008234,-2.3770551206847155,0.9954402934114613,-1.0834073599297018,0.7506880392948623,-0.037954061365049,0,0,0,0,0,0,0,0,0,0,0,0,0,0,0,0,0,1,0,0,0,1,1,0,0,0,0,1,0,0,0,0,0,0,1,0,0,0,0,0,0,1,0,0,11694
-3.1011270391205814,1.161408737400511,-0.422910264899049,1.0705654212664295,0.044005549484728276,0.01585157316382969,-0.4547359825571275,0,0,0,0,0,0,0,0,0,0,0,0,0,0,0,0,0,0,1,0,0,1,0,1,0,1,0,0,1,0,0,0,0,1,0,0,0,1,0,0,0,0,0,0,5348
-2.8291857575346544,0.9853648281795635,-0.5633261587040397,0.9429496900739873,0.03096878966081122,0.09145902374812426,-0.47526260481282945,0,0,0,0,0,0,0,0,0,0,0,0,0,0,0,0,0,0,1,0,0,1,0,1,0,1,0,0,1,0,0,0,0,1,0,0,0,1,0,0,0,0,0,0,6338
-2.853052100288457,1.1198281908869172,-0.6935164397643607,1.0847438387684927,0.18709572647188447,0.2937534843885705,-0.34601805756647286,0,0,0,0,0,0,0,0,0,0,0,0,0,0,0,0,0,0,1,0,0,1,0,0,0,1,0,0,1,0,0,0,0,1,0,0,0,1,0,0,0,0,0,0,6488
-2.025581689215011,2.3156103956405274,-1.43712268469145,0.5496699739089173,0.326122963920359,-0.36529731054962516,-0.4676813784978853,0,0,0,0,0,0,0,0,0,0,0,0,0,0,0,0,0,0,1,0,0,1,0,0,0,0,0,1,1,0,0,0,0,1,0,0,0,1,0,0,0,0,0,0,6918
-1.5981852728649646,1.9823267359736156,-1.6569033947433287,0.28994187248230424,0.2650674000869188,-0.30493933925278693,-0.5614614182065925,0,0,0,0,0,0,0,0,0,0,0,0,0,0,0,0,0,0,1,0,0,1,0,0,0,0,0,1,0,0,0,0,0,1,0,0,0,1,0,0,0,0,0,0,7898
-1.021811972781974,1.9135010541645663,-1.4329318314525332,0.1421871843237204,0.07972251439355772,-0.4814246069234117,-0.5665998914275386,0,0,0,0,0,0,0,0,0,0,0,0,0,0,0,0,0,0,1,0,0,1,0,0,0,0,0,1,0,0,0,0,0,1,0,0,0,1,0,0,0,0,0,0,8778
-2.119522823205077,0.9842318821542889,-0.6434673156946908,0.9625433529332864,0.07515472663944898,0.23821619689261822,-0.4770430531409688,0,0,0,0,0,0,0,0,0,0,0,0,0,0,0,0,0,0,1,0,0,1,0,0,0,0,1,0,1,0,0,0,0,1,0,0,0,1,0,0,0,0,0,0,6938
-2.109357971275702,0.9508389883826043,-0.6159616271335899,0.9764624861739284,0.07424688476655959,0.2550466457868785,-0.47353333259195357,0,0,0,0,0,0,0,0,0,0,0,0,0,0,0,0,0,0,1,0,0,1,0,0,0,1,0,0,1,0,0,0,0,1,0,0,0,1,0,0,0,0,0,0,7198
-1.895836859546581,2.6837528551793657,1.8484025759252836,0.8163923553465858,-0.4786729613027282,0.5550530038392235,1.0510292899546723,0,0,0,0,0,0,0,0,0,0,0,0,0,0,0,0,0,0,1,0,0,0,0,0,0,0,1,0,1,0,0,0,0,1,0,0,0,0,0,1,0,0,0,0,7898
-2.6008738460392054,3.11154363257139,2.298687756217029,1.1841948880643445,-0.45806114004765824,0.3815186581809251,1.1464495756209667,0,0,0,0,0,0,0,0,0,0,0,0,0,0,0,0,0,0,1,0,0,0,0,0,0,1,0,0,1,0,0,0,0,1,0,0,0,0,0,1,0,0,0,0,7788
-2.9473534271755635,1.5688138190864704,-0.12106488319906095,1.3938906825919797,0.09975242537676478,-0.007447835622917265,-0.3669440918515464,0,0,0,0,0,0,0,0,0,0,0,0,0,0,0,0,0,0,1,0,0,1,0,0,0,0,1,0,1,0,0,0,0,1,0,0,0,1,0,0,0,0,0,0,7738
-1.8679727646089685,0.7911971535008918,-0.7579588777652772,0.8564620779837868,0.0662392544974423,0.32174173108820825,-0.5025550935307398,0,0,0,0,0,0,0,0,0,0,0,0,0,0,0,0,0,0,1,0,0,1,0,0,0,1,0,0,1,0,0,0,0,1,0,0,0,1,0,0,0,0,0,0,8358
-1.8554294975077452,0.791975078164101,-0.755175487254308,0.8555925630688879,0.06477260179559287,0.32127251401619616,-0.5004358220830316,0,0,0,0,0,0,0,0,0,0,0,0,0,0,0,0,0,0,1,0,0,1,0,0,0,0,1,0,1,0,0,0,0,1,0,0,0,1,0,0,0,0,0,0,9258
-1.987790141510053,-0.3670450153262256,0.24169398021319646,0.030632543296175617,-1.1519790879898373,-0.6923911763509286,-1.1784623726702634,0,0,0,0,0,0,0,0,0,0,0,0,0,0,0,0,0,0,1,0,0,1,0,1,0,0,1,0,0,1,0,0,0,1,0,0,0,1,0,0,0,0,0,0,8058
-1.9634004554798965,-0.36553238403665234,0.24710612842896976,0.028941819850538807,-1.154830912687878,-0.693303542879841,-1.1743415670774975,0,0,0,0,0,0,0,0,0,0,0,0,0,0,0,0,0,0,1,0,0,1,0,1,0,1,0,0,0,1,0,0,0,1,0,0,0,1,0,0,0,0,0,0,8238
-1.5006678705924033,-2.2450027450078234,-0.8294008914449197,-1.1436208712056317,0.23415639730782875,-1.4397742295336085,1.3686450559699426,0,0,0,0,0,0,0,0,0,0,0,0,0,0,0,0,0,0,1,0,0,1,0,1,0,0,1,0,0,1,0,0,0,0,0,0,0,0,0,0,0,1,0,0,9298
-1.4762781845622466,-2.2434901137182504,-0.8239887432291464,-1.1453115946512684,0.23130457260978807,-1.4406865960625208,1.3727658615627085,0,0,0,0,0,0,0,0,0,0,0,0,0,0,0,0,0,0,1,0,0,1,0,1,0,1,0,0,0,1,0,0,0,0,0,0,0,0,0,0,0,1,0,0,9538
0.4431016785469348,-0.7607952615622776,0.8514271759403734,-0.2376252601855323,-0.6427446286088407,1.346022112890353,-0.5131409315380426,0,0,0,0,0,0,0,0,0,0,0,0,0,0,0,0,0,0,1,0,0,1,0,1,1,0,0,0,0,1,0,0,0,1,0,0,0,0,0,0,0,1,0,0,8449
0.44031428585777405,-0.7609681337096574,0.8508086447157136,-0.2374320346488881,-0.6424187057862075,1.3461263833508001,-0.5136118807486445,0,0,0,0,0,0,0,0,0,0,0,0,0,0,0,0,0,0,1,0,0,1,0,1,1,0,0,0,0,1,0,0,0,1,0,0,0,0,0,0,0,1,0,0,9639
0.45076700844212686,-0.7603198631569832,0.8531281368081879,-0.23815663041130383,-0.6436409163710821,1.3457353691241234,-0.5118458212088876,0,0,0,0,0,0,0,0,0,0,0,0,0,0,0,0,0,0,1,0,0,1,0,1,0,1,0,0,0,1,0,0,0,1,0,0,0,0,0,0,0,1,0,0,9989
0.5399635744952709,-0.75478795444083,0.8729211359973014,-0.24433984758391833,-0.6540704466953453,1.3423987143898153,-0.4967754464696291,0,0,0,0,0,0,0,0,0,0,0,0,0,0,0,0,0,0,1,0,0,1,0,1,1,0,0,0,0,1,0,0,0,1,0,0,0,0,0,0,0,1,0,0,11199
0.5643532605254274,-0.7532753231512569,0.8783332842130745,-0.24603057102955508,-0.656922271393386,1.3414863478609027,-0.49265464087686306,0,0,0,0,0,0,0,0,0,0,0,0,0,0,0,0,0,0,1,0,0,1,0,1,0,1,0,0,0,1,0,0,0,1,0,0,0,0,0,0,0,1,0,0,11549
0.7929651179669156,-0.5689804215180126,0.8028125966797166,-0.33499709728134547,-0.685056824997919,1.246880989729777,-0.4629905852591055,0,0,0,0,0,0,0,0,0,0,0,0,0,0,0,0,0,0,1,0,0,1,0,1,0,0,0,0,0,1,0,0,0,1,0,0,0,0,0,0,0,1,0,0,17669
-0.02636501021691685,2.5376120790079564,-0.18543794086876814,0.4970761198427859,1.0409354322691806,1.236339286613062,-1.2207056522848097,0,0,0,0,0,0,0,0,0,0,0,0,0,0,0,0,0,0,1,0,0,1,0,0,0,0,1,0,1,0,0,0,0,1,0,0,0,0,0,0,0,1,0,0,8948
-0.2287808344579771,3.7163741618171886,1.033778441797251,0.4039087783655202,0.05407266085375709,0.4028260596703229,1.3026010743585268,0,0,0,0,0,0,0,0,0,0,0,0,0,0,0,0,0,0,1,0,0,0,1,0,0,0,1,0,1,0,0,0,0,1,0,0,0,0,0,1,0,0,0,0,10698
0.17434177914904003,2.236593890367697,-0.1721390298797538,0.472568486892024,1.0347531267390873,1.3774756595319335,-1.2330112315817983,0,0,0,0,0,0,0,0,0,0,0,0,0,0,0,0,0,0,1,0,0,1,0,0,0,1,0,0,1,0,0,0,0,1,0,0,0,0,0,0,0,1,0,0,9988
0.22107626362278912,2.40960888438441,-0.28801887982216406,0.3962099269062678,1.0278850373113722,1.2896739489449833,-1.2340766119558102,0,0,0,0,0,0,0,0,0,0,0,0,0,0,0,0,0,0,1,0,0,1,0,0,0,0,1,0,1,0,0,0,0,1,0,0,0,0,0,0,0,1,0,0,10898
0.2050030987298083,2.2384954839888747,-0.16533518640849595,0.47044300598893785,1.0311679756901218,1.376328684467015,-1.2278307902651782,0,0,0,0,0,0,0,0,0,0,0,0,0,0,0,0,0,0,1,0,0,1,0,0,0,1,0,0,1,0,0,0,0,1,0,0,0,0,0,0,0,1,0,0,11248
2.4714117608170145,-2.6110739932619613,1.6915676152077124,-0.3172257657876835,-0.6718582095009242,-1.3071113770477154,-0.5058920539113368,0,0,0,0,0,0,0,0,0,0,0,0,0,0,0,0,0,0,1,0,0,1,0,1,0,1,0,0,0,1,0,0,0,0,0,0,0,0,0,0,0,1,0,0,16558
2.546137459298916,-2.6468511752263195,1.6674774657222746,-0.34470844265359607,-0.6769891959215136,-1.2917451272573321,-0.5062279793884374,0,0,0,0,0,0,0,0,0,0,0,0,0,0,0,0,0,0,1,0,0,1,0,1,0,1,0,0,0,1,0,0,0,0,0,0,0,0,0,0,0,1,0,0,15998
2.90983834357354,0.28531578711651884,-0.5198866866277272,0.8079808569683937,1.7220049064804466,-0.41799840611332306,0.03300055132533693,0,0,0,0,0,0,0,0,0,0,0,0,0,0,0,0,0,0,1,0,0,1,0,0,0,0,1,0,0,1,0,0,0,0,0,0,0,0,0,0,0,1,0,0,15690
2.90354826437425,0.0076581604338936396,-0.3520246817492177,0.43997052940411574,1.3959970831913335,-0.7936438805236405,-0.20630232393278064,0,0,0,0,0,0,0,0,0,0,0,0,0,0,0,0,0,0,1,0,0,1,0,0,0,0,0,1,0,1,0,0,0,0,0,0,0,0,0,0,0,1,0,0,15750
-2.5549506805089486,2.607136660483177,2.711034238308978,-0.13117427485705374,-0.8874845378589564,-0.8212577411509874,1.3728178858817337,0,0,0,0,0,0,0,0,0,0,0,0,0,0,0,0,0,0,0,1,0,0,0,1,0,0,1,0,1,0,0,0,0,1,0,0,0,0,0,1,0,0,0,0,7775
-1.1862503159316389,0.017219677497107653,0.06483397968500408,-0.683278204678536,0.10787657715678588,-0.06643241912157187,-0.11356270032150739,0,0,0,0,0,0,0,0,0,0,0,0,0,0,0,0,0,0,0,1,0,1,0,1,0,0,1,0,1,0,0,0,0,1,0,0,0,0,0,0,0,1,0,0,7975
-2.5667419726461813,2.899206836255048,2.4394146824679708,0.17148247480072568,-0.5558430002259902,-0.387028438815227,1.6578836696937853,0,0,0,0,0,0,0,0,0,0,0,0,0,0,0,0,0,0,0,1,0,0,0,0,0,0,1,0,1,0,0,0,0,1,0,0,0,0,0,1,0,0,0,0,7995
-1.1980416080688714,0.3092898532689781,-0.20678557615600301,-0.3806214550207565,0.4395181147897522,0.3677968832141883,0.17150308349054444,0,0,0,0,0,0,0,0,0,0,0,0,0,0,0,0,0,0,0,1,0,1,0,0,0,0,1,0,1,0,0,0,0,1,0,0,0,0,0,0,0,1,0,0,8195
-1.1541401732145895,0.3120125895902098,-0.19704370936761112,-0.3836647572229026,0.4343848303332789,0.36615462346214606,0.1789205335575233,0,0,0,0,0,0,0,0,0,0,0,0,0,0,0,0,0,0,0,1,0,1,0,0,0,0,1,0,1,0,0,0,0,1,0,0,0,0,0,0,0,1,0,0,8495
-2.167842881011732,2.9052212060247475,2.5026193878025538,0.32722569870554896,-0.7353561913025579,-0.13864276052362232,1.346962722704317,0,0,0,0,0,0,0,0,0,0,0,0,0,0,0,0,0,0,0,1,0,0,1,0,0,0,1,0,1,0,0,0,0,1,0,0,0,0,0,1,0,0,0,0,9495
-0.9254379638145914,0.013702723717422314,-0.28666793409886904,-0.5447609560186967,0.5899911985798585,0.25908624205083086,0.720762665883705,0,0,0,0,0,0,0,0,0,0,0,0,0,0,0,0,0,0,0,1,0,1,0,0,0,0,1,0,1,0,0,0,0,1,0,0,0,0,0,0,0,1,0,0,9995
-1.561492083062351,-1.0720820466578633,-0.2045492293189462,-0.6200081191716078,0.19094448717468265,0.4008759272407876,0.258350359910355,0,0,0,0,0,0,0,0,0,0,0,0,0,0,0,0,0,0,0,1,0,1,0,1,0,0,0,0,1,0,0,0,0,1,0,0,0,0,0,0,0,1,0,0,11595
-1.5665555981578865,-3.2033529104644103,1.6142186770974403,-1.9143468299353463,-1.4855029474711021,-1.4492866755239397,-1.1923904338225333,0,0,0,0,0,0,0,0,0,0,0,0,0,0,0,0,0,0,0,1,0,1,0,1,0,1,0,0,1,0,0,0,0,1,0,0,0,0,0,0,0,1,0,0,9980
1.2800339997220127,-0.23191255856893364,-0.6834428476895205,-0.5591477164308336,1.2257923511883875,-0.5856466129836624,-0.0011899622370920078,0,0,0,0,0,0,0,0,0,0,0,0,0,0,0,0,0,0,0,1,0,1,0,0,0,0,1,0,1,0,0,0,0,1,0,0,0,0,0,0,0,1,0,0,13295
-0.8697695813754948,3.2469064485845576,2.1822300767614773,-0.26027439396766977,-0.4877660383684086,-0.8080601399581027,0.9421187777625569,0,0,0,0,0,0,0,0,0,0,0,0,0,0,0,0,0,0,0,1,0,0,1,0,0,0,1,0,1,0,0,0,0,1,0,0,0,0,0,1,0,0,0,0,13845
0.0802471156572228,0.5788796593626396,-0.5693390306969751,-1.0837778596710466,0.8546467192287657,-0.5105111974864236,0.12671813452448902,0,0,0,0,0,0,0,0,0,0,0,0,0,0,0,0,0,0,0,1,0,1,0,0,0,0,0,1,1,0,0,0,0,1,0,0,0,0,0,0,0,1,0,0,12290
2.157716795184519,1.4975943179577527,-1.7901456239168152,-0.48002443074655127,0.28700981292712296,0.11519356062404001,0.43841972286782216,0,0,0,0,0,0,0,0,0,0,0,0,0,0,0,0,0,0,0,0,1,1,0,0,0,0,1,0,0,1,0,0,0,1,0,0,0,0,0,0,0,1,0,0,12940
2.2106904449178044,1.7059455431662705,-1.990062556563206,-0.3292495870863934,0.3173258612686996,0.5873304029521177,0.8491390990648662,0,0,0,0,0,0,0,0,0,0,0,0,0,0,0,0,0,0,0,0,1,1,0,0,0,0,0,1,0,1,0,0,0,1,0,0,0,0,0,0,0,1,0,0,13415
2.126892531556899,1.5360942362433427,-1.7563136076429855,-0.4555850560827849,0.2870075148912391,0.09818505108161447,0.4461730984119016,0,0,0,0,0,0,0,0,0,0,0,0,0,0,0,0,0,0,0,0,1,1,0,0,0,0,1,0,0,1,0,0,0,1,0,0,0,0,0,0,0,1,0,0,15985
2.1694134587058316,1.7437971908991865,-1.9585500323818508,-0.3040856166602112,0.31854577381769034,0.5707129076363688,0.8551264150691887,0,0,0,0,0,0,0,0,0,0,0,0,0,0,0,0,0,0,0,0,1,1,0,0,0,0,0,1,0,1,0,0,0,1,0,0,0,0,0,0,0,1,0,0,16515
2.9756684671396334,0.8385943653552747,-2.162505287627342,-0.4955434802070313,0.4863422646554197,0.27439761034948096,-0.09093421031895102,0,0,0,0,0,0,0,0,0,0,0,0,0,0,0,0,0,0,0,0,1,1,1,0,0,0,1,0,0,1,0,0,0,1,0,0,0,0,0,0,0,1,0,0,18420
3.021673635150017,1.046513410195343,-2.3639685483353827,-0.34428557270526294,0.5174731200535794,0.7467951288286765,0.3186077928515882,0,0,0,0,0,0,0,0,0,0,0,0,0,0,0,0,0,0,0,0,1,1,1,0,0,0,0,1,0,1,0,0,0,1,0,0,0,0,0,0,0,1,0,0,18950
2.573925785131651,1.392679381265993,-1.504230683134296,-0.6596809060129604,0.07228736812712229,0.20761705426270308,0.6542272442510297,0,0,0,0,0,0,0,0,0,0,0,0,0,0,0,0,0,0,0,0,1,1,0,0,0,0,1,0,0,1,0,0,0,1,0,0,0,0,0,0,0,1,0,0,16845
3.315096016492178,0.8404012511667868,-1.7324475120740976,-0.5768189780993664,0.15719445582199668,0.46402844050288305,0.6286390471087954,0,0,0,0,0,0,0,0,0,0,0,0,0,0,0,0,0,0,0,0,1,1,1,0,0,0,1,0,0,1,0,0,0,1,0,0,0,0,0,0,0,1,0,0,19045
3.679109833429839,0.477877077511669,-1.7955586714155587,0.725819855636906,0.5081522203281473,-1.0147122537245261,0.5941540732468725,0,0,0,0,0,0,0,0,0,0,0,0,0,0,0,0,0,0,0,0,1,1,0,0,0,0,1,0,0,1,0,0,0,0,0,1,0,0,0,0,0,1,0,0,21485
2.547015130925384,3.0316989563592993,1.7417720617301704,0.30811252424287605,0.7759350372790141,-1.6252192559591794,1.3630598499983078,0,0,0,0,0,0,0,0,0,0,0,0,0,0,0,0,0,0,0,0,1,0,1,0,0,0,1,0,0,1,0,0,0,1,0,0,0,0,0,1,0,0,0,0,22470
2.9766088076911186,1.162217889081928,-1.6917794750320543,-0.8354678764656648,0.05263259302063505,0.30460148968789885,0.6265351665030998,0,0,0,0,0,0,0,0,0,0,0,0,0,0,0,0,0,0,0,0,1,1,1,0,0,0,1,0,0,1,0,0,0,1,0,0,0,0,0,0,0,1,0,0,22625
